"full_name","state","edu_med","edu_law","edu_masters","edu_doctorate","work_bluecollar","work_business","work_education","work_farming","work_lawenforcement","work_lobbying","work_media","work_medicine","work_military","work_nonprofits","work_privatelaw","work_realestate","work_religiousleader","work_science","work_sports","gov_fedstate","gov_local","gov_none","gov_publiclawyerjudge","gov_stateleg","new","gender","party","college_none","college_public","college_private","college_elite"
"Abby Finkenauer","IA","",0,0,0,0,0,0,0,0,0,0,0,0,0,0,0,0,0,0,0,0,0,0,1,1,NA,"Democrat",0,0,1,0
"Abigail Spanberger","VA","",0,1,0,0,1,0,0,1,0,0,0,0,0,0,0,0,0,0,0,0,1,0,0,1,NA,"Democrat",0,1,0,0
"Adam Kinzinger","IL","",0,0,0,0,1,0,0,0,0,0,0,1,0,0,0,0,0,0,0,1,0,0,0,0,"M","Republican",0,1,0,0
"Adam Schiff","CA","",1,0,0,0,0,0,0,0,0,0,0,0,0,1,0,0,0,0,0,0,0,1,1,0,"M","Democrat",0,0,0,1
"Adam Smith","WA","",1,0,0,0,0,0,0,0,0,0,0,0,0,1,0,0,0,0,0,0,0,1,1,0,"M","Democrat",0,0,1,0
"Adrian Smith","NE","",0,0,0,0,1,1,0,0,0,0,0,0,0,0,0,0,0,0,0,1,0,0,1,0,"M","Republican",0,1,0,0
"Adriano Espaillat","NY","",0,0,0,0,0,0,0,0,0,0,0,0,1,0,0,0,0,0,0,0,0,0,1,0,"M","Democrat",0,1,0,0
"Al Green","TX","",1,0,0,0,0,0,0,0,1,0,0,0,0,1,0,0,0,0,0,0,0,1,0,0,"M","Democrat",1,0,0,0
"Al Lawson","FL","",0,1,0,0,1,0,0,0,0,0,0,0,0,0,0,0,0,1,0,0,0,0,1,0,"M","Democrat",0,1,0,0
"Alan Lowenthal","CA","",0,1,1,0,0,1,0,0,0,0,1,0,0,0,0,0,0,0,0,1,0,0,1,0,"M","Democrat",0,0,1,0
"Albio Sires","NJ","",0,1,0,0,0,1,0,0,0,0,0,0,0,0,0,0,0,0,0,1,0,0,1,0,"M","Democrat",0,0,1,0
"Alcee L. Hastings","FL","",1,0,0,0,0,0,0,0,0,0,0,0,0,1,0,0,0,0,0,0,0,1,0,0,"M","Democrat",0,0,1,0
"Alex Mooney","WV","",0,0,0,0,1,0,0,0,0,0,0,0,1,0,0,0,0,0,0,0,0,0,1,0,"M","Republican",0,0,0,1
"Alexandria Ocasio-Cortez","NY","",0,0,0,1,0,0,0,0,0,0,0,0,1,0,0,0,0,0,0,0,1,0,0,1,NA,"Democrat",0,0,1,0
"Alma Adams","NC","",0,1,1,0,0,1,0,0,0,0,0,0,0,0,0,0,0,0,0,1,0,0,1,0,"F","Democrat",0,1,0,0
"Ami Bera","CA","1",0,0,0,0,0,1,0,0,0,0,1,0,0,0,0,0,0,0,0,1,0,0,0,0,"M","Democrat",0,1,0,0
"André Carson","IN","",0,1,0,0,1,0,0,0,0,0,0,0,0,0,0,0,0,0,0,1,0,0,0,0,"M","Democrat",0,0,1,0
"Andy Barr","KY","",1,0,0,0,0,0,0,0,0,0,0,0,0,1,0,0,0,0,0,0,1,0,0,1,NA,"Republican",0,1,0,0
"Andy Biggs","AZ","",1,1,0,0,0,0,0,0,0,0,0,0,0,1,0,0,0,0,0,0,0,0,1,0,"M","Republican",0,0,1,0
"Andy Harris","MD","1",0,1,0,0,0,0,0,0,0,0,1,1,0,0,0,0,0,0,0,0,0,0,1,0,"M","Republican",0,0,1,0
"Andy Kim","NJ","",0,1,1,0,0,0,0,0,0,0,0,0,0,0,0,0,0,0,1,0,0,0,0,1,NA,"Democrat",0,0,0,1
"Andy Levin","MI","",1,1,0,0,1,0,0,0,0,0,0,0,1,0,0,0,0,0,1,0,0,0,0,1,NA,"Democrat",0,0,1,0
"Angie Craig","MN","",0,0,0,0,1,0,0,0,0,0,1,0,0,0,0,0,0,0,0,0,1,0,0,1,NA,"Democrat",0,1,0,0
"Ann Kirkpatrick","AZ","",1,0,0,0,0,1,0,0,0,0,0,0,0,1,0,0,0,0,0,0,0,1,1,1,NA,"Democrat",0,1,0,0
"Ann McLane Kuster","NH","",1,0,0,0,1,0,0,0,1,0,0,0,0,1,0,0,0,0,0,0,1,0,0,0,"F","Democrat",0,0,0,1
"Ann Wagner","MO","",0,0,0,0,1,0,0,0,0,0,0,0,0,0,0,0,0,0,1,1,0,0,0,0,"F","Republican",0,1,0,0
"Anna Eshoo","CA","",0,0,0,0,0,0,0,0,0,0,0,0,0,0,0,0,0,0,0,1,0,0,0,0,"F","Democrat",1,0,0,0
"Anthony Brindisi","NY","",1,0,0,0,0,0,0,0,0,0,0,0,0,1,0,0,0,0,0,1,0,0,1,1,NA,"Democrat",0,0,1,0
"Anthony G. Brown","MD","",1,0,0,0,0,0,0,0,0,0,0,1,0,1,0,0,0,0,1,0,0,0,1,0,"M","Democrat",0,0,0,1
"Anthony Gonzalez","OH","",0,1,0,0,1,0,0,0,0,0,0,0,0,0,0,0,0,1,0,0,1,0,0,1,NA,"Republican",0,1,0,0
"Antonio Delgado","NY","",1,1,0,0,1,0,0,0,0,0,0,0,0,1,0,0,0,0,0,0,1,0,0,1,NA,"Democrat",0,0,1,0
"Austin Scott","GA","",0,0,0,0,0,0,0,0,0,0,0,0,0,0,0,0,0,0,0,0,0,0,1,0,"M","Republican",0,1,0,0
"Ayanna Pressley","MA","",0,0,0,0,0,0,0,0,0,0,0,0,0,0,0,0,0,0,0,1,0,0,0,1,NA,"Democrat",1,0,0,0
"Barbara Lee","CA","",0,1,0,0,0,0,0,0,0,0,0,0,0,0,0,0,0,0,0,0,0,0,1,0,"F","Democrat",0,0,1,0
"Barry Loudermilk","GA","",0,0,0,0,1,0,0,0,0,0,0,1,0,0,0,0,0,0,0,0,0,0,1,0,"M","Republican",0,0,1,0
"Ben Cline","VA","",1,0,0,0,1,0,0,0,0,0,0,0,0,1,0,0,0,0,0,0,0,1,1,1,NA,"Republican",0,0,1,0
"Ben McAdams","UT","",1,0,0,0,0,0,0,0,0,0,0,0,0,1,0,0,0,0,0,1,0,0,1,1,NA,"Democrat",0,1,0,0
"Ben Ray Luján","NM","",0,0,0,0,0,0,0,0,0,0,0,0,0,0,0,0,0,0,1,0,0,0,0,0,"M","Democrat",0,1,0,0
"Bennie G. Thompson","MS","",0,1,0,0,0,1,0,0,0,0,0,0,0,0,0,0,0,0,0,1,0,0,0,0,"M","Democrat",0,0,1,0
"Betty McCollum","MN","",0,0,0,1,0,1,0,0,0,0,0,0,0,0,0,0,0,0,0,1,0,0,1,0,"F","Democrat",0,0,1,0
"Bill Flores","TX","",0,1,0,0,1,0,0,0,0,0,0,0,0,0,0,0,0,0,0,0,1,0,0,0,"M","Republican",0,1,0,0
"Bill Foster","IL","",0,0,1,0,1,0,0,0,0,0,0,0,0,0,0,0,1,0,0,0,1,0,0,0,"M","Democrat",0,1,0,0
"Bill Huizenga","MI","",0,0,0,0,1,0,0,0,0,0,0,0,0,0,1,0,0,0,0,0,0,0,1,0,"M","Republican",0,0,1,0
"Bill Johnson","OH","",0,1,0,0,1,0,0,0,0,0,0,1,0,0,0,0,0,0,0,0,1,0,0,0,"M","Republican",0,1,0,0
"Bill Keating","MA","",1,1,0,0,0,0,0,0,0,0,0,0,0,0,0,0,0,0,0,0,0,1,1,0,"M","Democrat",0,0,1,0
"Bill Pascrell Jr.","NJ","",0,1,0,0,0,1,0,0,0,0,0,1,0,0,0,0,0,0,0,1,0,0,1,0,"M","Democrat",0,0,1,0
"Bill Posey","FL","",0,0,0,0,0,0,0,0,0,0,0,0,0,0,1,0,0,0,0,1,0,0,1,0,"M","Republican",1,0,0,0
"Billy Long","MO","",0,0,0,0,1,0,0,0,0,1,0,0,0,0,1,0,0,0,0,0,1,0,0,0,"M","Republican",1,0,0,0
"Blaine Luetkemeyer","MO","",0,0,0,0,0,0,1,0,0,0,0,0,0,0,0,0,0,0,1,1,0,0,1,0,"M","Republican",0,1,0,0
"Bob Gibbs","OH","",0,0,0,0,1,0,1,0,0,0,0,0,0,0,0,0,0,0,0,0,0,0,1,0,"M","Republican",1,0,0,0
"Bobby L. Rush","IL","",0,1,0,0,0,0,0,0,1,0,0,1,0,0,0,1,0,0,0,1,0,0,0,0,"M","Democrat",0,0,1,0
"Bobby Scott","VA","",1,0,0,0,0,0,0,0,0,0,0,1,0,1,0,0,0,0,0,0,0,0,1,0,"M","Democrat",0,0,0,1
"Bonnie Watson Coleman","NJ","",0,0,0,0,0,0,0,0,0,0,0,0,0,0,0,0,0,0,1,0,0,0,1,0,"F","Democrat",0,1,0,0
"Brad Schneider","IL","",0,1,0,0,1,0,0,0,0,0,0,0,0,0,0,0,0,0,0,0,1,0,0,0,"M","Democrat",0,0,1,0
"Brad Sherman","CA","",1,0,0,0,0,0,0,0,0,0,0,0,0,1,0,0,0,0,1,0,0,0,0,0,"M","Democrat",0,1,0,0
"Brad Wenstrup","OH","1",0,0,0,0,0,0,0,0,0,0,1,1,0,0,0,0,0,0,0,0,1,0,0,0,"M","Republican",0,1,0,0
"Bradley Byrne","AL","",1,0,0,0,0,0,0,0,0,0,0,0,0,1,0,0,0,0,1,0,0,0,1,0,"M","Republican",0,0,0,1
"Brenda Lawrence","MI","",0,0,0,1,1,0,0,0,0,0,0,0,0,0,0,0,0,0,0,1,0,0,0,0,"F","Democrat",0,1,0,0
"Brendan F. Boyle","PA","",0,1,0,0,1,0,0,0,0,1,0,0,0,0,0,0,0,0,0,0,0,0,1,0,"M","Democrat",0,0,1,0
"Brett Guthrie","KY","",0,1,0,0,1,0,0,0,0,0,0,1,0,0,0,0,0,0,0,0,0,0,1,0,"M","Republican",0,1,0,0
"Brian Babin","TX","1",0,0,0,0,0,0,0,0,0,0,1,1,0,0,0,0,0,0,1,1,0,0,0,0,"M","Republican",0,1,0,0
"Brian Fitzpatrick","PA","",1,1,0,0,0,0,0,1,0,0,0,0,0,1,0,0,0,0,0,0,0,1,0,0,"M","Republican",0,0,1,0
"Brian Higgins","NY","",0,1,0,0,0,1,0,0,0,0,0,0,0,0,0,0,0,0,0,1,0,0,1,0,"M","Democrat",0,1,0,0
"Brian Mast","FL","",0,0,0,0,0,0,0,1,0,0,0,1,0,0,0,0,0,0,0,0,1,0,0,0,"M","Republican",0,0,1,0
"Bruce Westerman","AR","",0,1,0,0,0,0,0,0,0,0,0,0,0,0,0,0,1,0,0,1,0,0,1,0,"M","Republican",0,1,0,0
"Bryan Stell","WI","",1,0,0,0,0,0,0,0,0,0,0,0,0,1,0,0,0,0,1,0,0,0,0,1,NA,"Republican",0,0,1,0
"C. A. Dutch Ruppersberger","MD","",1,0,0,0,0,0,0,0,0,0,0,0,0,1,0,0,0,0,0,1,0,1,0,0,"M","Democrat",1,0,0,0
"Carol Miller","WV","",0,0,0,0,0,0,1,0,0,0,0,0,0,0,1,0,0,0,0,0,0,0,1,1,NA,"Republican",0,0,1,0
"Carolyn B. Maloney","NY","",0,0,0,0,0,1,0,0,0,0,0,0,0,0,0,0,0,0,0,1,0,0,0,0,"F","Democrat",0,0,1,0
"Cathy McMorris Rodgers","WA","",0,1,0,0,1,0,0,0,0,0,0,0,0,0,0,0,0,0,0,0,0,0,1,0,"F","Republican",0,0,1,0
"Cedric L. Richmond","LA","",1,0,0,0,0,0,0,0,0,0,0,0,0,0,0,0,0,0,0,0,0,0,1,0,"M","Democrat",0,0,1,0
"Charlie Crist","FL","",1,0,0,0,0,0,0,0,0,0,0,0,0,1,0,0,0,0,1,0,0,1,1,0,"M","Democrat",0,1,0,0
"Chellie Pingree","ME","",0,0,0,0,1,0,1,0,0,0,0,0,0,0,0,0,0,0,0,1,0,0,1,0,"F","Democrat",0,0,1,0
"Cheri Bustos","IL","",0,1,0,0,1,0,0,0,0,1,0,0,0,0,0,0,0,0,0,1,0,0,0,0,"F","Democrat",0,1,0,0
"Chip Roy","TX","",1,1,0,0,1,0,0,0,0,0,0,0,0,0,0,0,0,0,0,0,0,1,0,1,NA,"Republican",0,1,0,0
"Chris Collins","NY","",0,1,0,0,1,0,0,0,0,0,0,0,0,0,0,0,0,0,0,1,0,0,0,0,"M","Republican",0,1,0,0
"Chris Pappas","NH","",0,0,0,0,1,0,0,0,0,0,0,0,0,0,0,0,0,0,1,1,0,0,1,1,NA,"Democrat",0,0,0,1
"Chris Stewart","UT","",0,0,0,0,1,0,0,0,0,1,0,1,0,0,0,0,0,0,0,0,1,0,0,0,"M","Republican",0,1,0,0
"Chrissy Houlahan","PA","",0,1,0,0,1,1,0,0,0,0,0,1,1,0,0,0,0,0,0,0,1,0,0,1,NA,"Democrat",0,0,0,1
"Christopher H. Smith","NJ","",0,0,0,0,1,0,0,0,0,0,0,0,1,0,0,0,0,0,0,0,1,0,0,0,"M","Republican",0,1,0,0
"Chuck Fleischmann","TN","",1,0,0,0,0,0,0,0,0,0,0,0,0,1,0,0,0,0,0,0,1,0,0,0,"M","Republican",0,1,0,0
"Cindy Axne","IA","",0,1,0,0,1,0,0,0,0,0,0,0,0,0,0,0,0,0,1,0,0,0,0,1,NA,"Democrat",0,1,0,0
"Clay Higgins","LA","",0,0,0,0,1,0,0,1,0,0,0,1,0,0,0,0,0,0,0,0,1,0,0,0,"M","Republican",1,0,0,0
"Colin Allred","TX","",1,0,0,0,0,0,0,0,0,0,0,0,0,1,0,0,0,1,1,0,0,0,0,1,NA,"Democrat",0,0,1,0
"Collin C. Peterson","MN","",0,0,0,0,0,0,0,0,0,0,0,1,0,0,0,0,0,0,0,0,0,0,1,0,"M","Democrat",0,1,0,0
"Conor Lamb","PA","",1,0,0,0,0,0,0,0,0,0,0,1,0,0,0,0,0,0,0,0,0,1,0,1,NA,"Democrat",0,0,0,1
"Dan Crenshaw","TX","",0,1,0,0,0,0,0,0,0,0,0,1,0,0,0,0,0,0,0,0,1,0,0,1,NA,"Republican",0,0,1,0
"Dan Meuser","PA","",0,0,0,0,1,0,0,0,0,0,0,0,0,0,0,0,0,0,1,0,0,0,0,1,NA,"Republican",0,0,0,1
"Dan Newhouse","WA","",0,0,0,0,0,0,1,0,0,0,0,0,0,0,0,0,0,0,1,0,0,0,1,0,"M","Republican",0,1,0,0
"Daniel Lipinski","IL","",0,1,1,0,0,1,0,0,0,0,0,0,0,0,0,0,0,0,0,0,1,0,0,0,"M","Democrat",0,0,1,0
"Daniel T. Kildee","MI","",0,0,0,0,0,0,0,0,0,0,0,0,1,0,0,0,0,0,0,1,0,0,0,0,"M","Democrat",0,1,0,0
"Daniel Webster","FL","",0,0,0,0,1,0,0,0,0,0,0,0,0,0,0,0,0,0,0,0,0,0,1,0,"M","Republican",0,1,0,0
"Danny K. Davis","IL","",0,1,1,1,0,1,0,0,0,0,0,0,1,0,0,0,0,0,0,1,0,0,0,0,"M","Democrat",0,1,0,0
"Darin LaHood","IL","",1,0,0,0,0,0,0,0,0,0,0,0,0,1,0,0,0,0,0,0,0,1,1,0,"M","Republican",0,0,1,0
"Darren Soto","FL","",1,0,0,0,0,0,0,0,0,0,0,0,0,1,0,0,0,0,0,1,0,0,1,0,"M","Democrat",0,1,0,0
"David B. McKinley","WV","",0,0,0,0,1,0,0,0,0,0,0,0,0,0,0,0,1,0,0,0,0,0,1,0,"M","Republican",0,1,0,0
"David E. Price","NC","",0,0,1,0,0,1,0,0,0,0,0,0,0,0,0,0,0,0,0,0,1,0,0,0,"M","Democrat",0,1,0,0
"David Joyce","OH","",1,0,0,0,0,0,0,0,0,0,0,0,0,0,0,0,0,0,0,0,0,1,0,0,"M","Republican",0,0,1,0
"David Kustoff","TN","",1,0,0,0,0,0,0,0,0,0,0,0,0,1,0,0,0,0,1,0,0,1,0,0,"M","Republican",0,1,0,0
"David Loebsack","IA","",0,1,1,0,0,1,0,0,0,0,0,0,0,0,0,0,0,0,0,0,1,0,0,0,"M","Democrat",0,1,0,0
"David N. Cicilline","RI","",1,0,0,0,0,0,0,0,0,0,0,0,0,1,0,0,0,0,0,1,0,1,1,0,"M","Democrat",0,0,0,1
"David Rouzer","NC","",0,0,0,0,1,0,0,0,0,0,0,0,0,0,0,0,0,0,0,0,0,0,1,0,"M","Republican",0,1,0,0
"David Schweikert","AZ","",0,1,0,0,1,0,0,0,0,0,0,0,0,0,1,0,0,0,1,1,0,0,1,0,"M","Republican",0,1,0,0
"David Scott","GA","",0,1,0,0,1,0,0,0,0,0,0,0,0,0,0,0,0,0,0,0,0,0,1,0,"M","Democrat",0,1,0,0
"David Trone","MD","",0,1,0,0,1,0,0,0,0,0,0,0,0,0,0,0,0,0,0,0,1,0,0,1,NA,"Democrat",0,0,1,0
"Dean Phillips","MN","",0,1,0,0,1,0,0,0,0,0,0,0,0,0,0,0,0,0,0,0,1,0,0,1,NA,"Democrat",0,0,0,1
"Deb Haaland","NM","",1,0,0,0,1,0,0,0,0,0,0,0,0,0,0,0,0,0,0,1,0,0,0,1,NA,"Democrat",0,1,0,0
"Debbie Dingell","MI","",0,1,0,0,1,0,0,0,1,0,0,0,1,0,0,0,0,0,0,1,0,0,0,0,"F","Democrat",0,0,1,0
"Debbie Lesko","AZ","",0,0,0,0,1,0,0,0,0,0,0,0,0,0,0,0,0,0,0,0,0,0,1,1,NA,"Republican",0,1,0,0
"Debbie Mucarsel-Powell","FL","",0,1,0,0,1,1,0,0,0,0,0,0,1,0,0,0,0,0,0,0,1,0,0,1,NA,"Democrat",0,0,1,0
"Debbie Wasserman Schultz","FL","",0,1,0,0,0,0,0,0,0,0,0,0,0,0,0,0,0,0,0,0,0,0,1,0,"F","Democrat",0,1,0,0
"Denny Heck","WA","",0,0,0,0,1,0,0,0,0,1,0,0,0,0,0,0,0,0,0,0,0,0,1,0,"M","Democrat",0,1,0,0
"Denver Riggleman","VA","",0,0,0,0,1,0,0,1,0,0,0,1,0,0,0,0,0,0,0,0,1,0,0,1,NA,"Republican",0,1,0,0
"Derek Kilmer","WA","",0,0,1,0,1,0,0,0,0,0,0,0,1,0,0,0,0,0,0,0,0,0,1,0,"M","Democrat",0,0,0,1
"Devin Nunes","CA","",0,1,0,0,1,0,1,0,0,0,0,0,0,0,0,0,0,0,0,1,0,0,0,0,"M","Republican",0,1,0,0
"Diana DeGette","CO","",1,0,0,0,0,0,0,0,0,0,0,0,0,1,0,0,0,0,0,0,0,0,1,0,"F","Democrat",0,0,1,0
"Dina Titus","NV","",0,1,1,0,0,1,0,0,0,0,0,0,0,0,0,0,0,0,0,0,0,0,1,0,"F","Democrat",0,1,0,0
"Don Bacon","NE","",0,1,0,0,0,1,0,0,0,0,0,1,0,0,0,0,0,0,0,0,1,0,0,0,"M","Republican",0,1,0,0
"Don Beyer Jr.","VA","",0,0,0,0,1,0,0,0,0,0,0,0,0,0,0,0,0,0,1,0,0,0,0,0,"M","Democrat",0,0,1,0
"Don Young","AK","",0,0,0,1,0,0,0,0,0,0,0,1,0,0,0,0,0,0,0,1,0,0,1,0,"M","Republican",0,1,0,0
"Donald M. Payne Jr.","NJ","",0,0,0,1,1,0,0,0,0,0,0,0,0,0,0,0,0,0,0,1,0,0,0,0,"M","Democrat",1,0,0,0
"Donald McEachin","VA","",1,1,0,0,0,0,0,0,0,0,0,0,0,1,0,0,0,0,0,0,0,0,1,0,"M","Democrat",0,0,1,0
"Donald Norcross","NJ","",0,0,0,1,0,0,0,0,0,0,0,0,1,0,0,0,0,0,0,0,0,0,1,0,"M","Democrat",1,0,0,0
"Donna Shalala","FL","",0,1,1,0,0,1,0,0,0,0,0,0,1,0,0,0,0,0,1,0,0,0,0,1,NA,"Democrat",0,0,1,0
"Doris O. Matsui","CA","",0,0,0,0,0,0,0,0,1,0,0,0,0,0,0,0,0,0,0,0,1,0,0,0,"F","Democrat",0,1,0,0
"Doug Collins","GA","",1,1,0,0,1,0,0,0,0,0,0,1,0,1,0,1,0,0,0,0,0,0,1,0,"M","Republican",0,1,0,0
"Doug LaMalfa","CA","",0,0,0,0,0,0,1,0,0,0,0,0,0,0,0,0,0,0,0,0,0,0,1,0,"M","Republican",0,1,0,0
"Doug Lamborn","CO","",1,0,0,0,0,0,0,0,0,0,0,0,0,1,0,0,0,0,0,0,0,0,1,0,"M","Republican",0,1,0,0
"Drew Ferguson IV","GA","1",0,0,0,0,0,1,0,0,0,0,1,0,0,0,0,0,0,0,1,1,0,0,0,0,"M","Republican",1,0,0,0
"Duncan Hunter","CA","",0,0,0,0,1,0,0,0,0,0,0,1,0,0,1,0,0,0,0,0,1,0,0,0,"M","Republican",0,1,0,0
"Dusty Johnson","SD","",0,1,0,0,1,0,0,0,0,0,0,0,0,0,0,0,0,0,1,0,0,0,0,1,NA,"Republican",0,1,0,0
"Dwight Evans","PA","",0,0,0,0,0,1,0,0,0,0,0,0,1,0,0,0,0,0,0,0,0,0,1,0,"M","Democrat",0,0,1,0
"Earl Blumenauer","OR","",1,0,0,0,0,0,0,0,0,0,0,0,0,0,0,0,0,0,1,1,0,0,1,0,"M","Democrat",0,0,1,0
"Earl L. Carter","GA","",0,0,0,0,1,0,0,0,0,0,0,0,0,0,0,0,0,0,0,1,0,0,1,1,NA,"Republican",0,1,0,0
"Ed Case","HI","",1,0,0,0,0,0,0,0,0,0,0,0,0,1,0,0,0,0,0,1,0,0,1,1,NA,"Democrat",0,0,1,0
"Ed Perlmutter","CO","",1,0,0,0,0,0,0,0,0,0,0,0,0,1,0,0,0,0,0,0,0,0,1,0,"M","Democrat",0,1,0,0
"Eddie Bernice Johnson","TX","",0,1,0,0,1,0,0,0,0,0,1,0,0,0,0,0,0,0,0,0,0,0,1,1,NA,"Democrat",0,0,1,0
"Elaine Luria","VA","",0,1,0,0,1,0,0,0,0,0,0,1,0,0,0,0,0,0,0,0,1,0,0,1,NA,"Democrat",0,1,0,0
"Elijah E. Cummings","MD","",1,0,0,0,0,0,0,0,0,0,0,0,0,1,0,0,0,0,0,0,0,0,1,0,"M","Democrat",0,0,1,0
"Eliot L. Engel","NY","",1,1,0,0,0,1,0,0,0,0,0,0,0,0,0,0,0,0,0,0,0,0,1,0,"M","Democrat",0,1,0,0
"Elise M. Stefanik","NY","",0,0,0,0,1,0,0,0,0,0,0,0,0,0,0,0,0,0,0,0,1,0,0,0,"F","Republican",0,0,0,1
"Elissa Slotkin","MI","",0,1,0,0,0,0,0,1,0,0,0,0,1,0,0,0,0,0,1,0,0,0,0,1,NA,"Democrat",0,0,0,1
"Emanuel Cleaver","MO","",0,1,0,0,0,0,0,0,0,1,0,0,0,0,0,1,0,0,0,1,0,0,0,0,"M","Democrat",0,1,0,0
"Eric Swalwell","CA","",1,0,0,0,0,0,0,0,0,0,0,0,0,0,0,0,0,0,0,1,0,1,0,0,"M","Democrat",0,1,0,0
"Filemon Vela","TX","",1,0,0,0,0,0,0,0,0,0,0,0,0,1,0,0,0,0,0,0,1,0,0,0,"M","Democrat",0,0,1,0
"Francis Rooney","FL","",1,0,0,0,1,0,0,0,0,0,0,0,0,0,0,0,0,0,1,0,0,0,0,0,"M","Republican",0,0,1,0
"Frank D. Lucas","OK","",0,0,0,0,0,0,1,0,0,0,0,0,0,0,0,0,0,0,0,0,0,0,1,0,"M","Republican",0,1,0,0
"Frank Pallone Jr.","NJ","",1,1,0,0,0,0,0,0,0,0,0,0,0,1,0,0,0,0,0,1,0,0,1,0,"M","Democrat",0,0,1,0
"Fred Upton","MI","",0,0,0,0,0,0,0,0,0,0,0,0,0,0,0,0,0,0,0,0,1,0,0,0,"M","Republican",0,1,0,0
"Frederica S. Wilson","FL","",0,1,0,0,0,1,0,0,0,0,0,0,0,0,0,0,0,0,0,1,0,0,1,0,"F","Democrat",0,0,1,0
"French Hill","AR","",0,0,0,0,1,0,0,0,0,0,0,0,0,0,0,0,0,0,1,0,0,0,0,0,"M","Republican",0,0,1,0
"G. K. Butterfield","NC","",1,0,0,0,0,0,0,0,0,0,0,1,0,1,0,0,0,0,0,0,0,1,0,0,"M","Democrat",0,1,0,0
"Garret Graves","LA","",0,0,0,0,0,0,0,0,0,0,0,0,0,0,0,0,0,0,1,0,0,0,0,0,"M","Republican",1,0,0,0
"Gary Palmer","AL","",0,0,0,0,0,0,0,0,1,0,0,0,0,0,0,0,1,0,0,0,1,0,0,0,"M","Republican",0,1,0,0
"George Holding","NC","",1,0,0,0,0,0,0,0,0,0,0,0,0,1,0,0,0,0,0,0,0,1,0,0,"M","Republican",0,0,1,0
"Gerry Connolly","VA","",0,1,0,0,1,0,0,0,0,0,0,0,1,0,0,0,0,0,0,1,0,0,0,0,"M","Democrat",0,0,1,0
"Gil Cisneros","CA","",0,1,0,0,1,0,0,0,0,0,0,1,1,0,0,0,0,0,0,0,1,0,0,1,NA,"Democrat",0,0,1,0
"Glenn Grothman","WI","",1,0,0,0,0,0,0,0,0,0,0,0,0,1,0,0,0,0,0,0,0,0,1,0,"M","Republican",0,1,0,0
"Glenn Thompson","PA","",0,1,0,0,0,0,0,0,0,0,1,0,0,0,0,0,0,0,0,1,0,0,0,0,"M","Republican",0,1,0,0
"Grace F. Napolitano","CA","",0,0,0,1,0,0,0,0,0,0,0,0,0,0,0,0,0,0,0,1,0,0,1,0,"F","Democrat",1,0,0,0
"Grace Meng","NY","",1,0,0,0,0,0,0,0,0,0,0,0,0,1,0,0,0,0,0,0,0,0,1,0,"F","Democrat",0,1,0,0
"Greg Gianforte","MT","",0,1,0,0,1,0,0,0,0,0,0,0,0,0,0,0,1,0,0,0,1,0,0,0,"M","Republican",0,0,1,0
"Greg Pence","IN","",0,1,0,0,1,0,0,0,0,0,0,1,0,0,0,0,0,0,0,0,1,0,0,1,NA,"Republican",0,0,1,0
"Greg Stanton","AZ","",1,0,0,0,0,0,0,0,0,0,0,0,0,0,0,0,0,0,0,1,0,1,0,1,NA,"Democrat",0,0,1,0
"Greg Steube","FL","",1,0,0,0,0,0,0,0,0,0,0,1,0,1,0,0,0,0,0,0,0,0,1,1,NA,"Republican",0,1,0,0
"Greg Walden","OR","",0,0,0,0,0,0,0,0,0,1,0,0,0,0,0,0,0,0,0,0,0,0,1,0,"M","Republican",0,1,0,0
"Gregory W. Meeks","NY","",1,0,0,0,0,0,0,0,0,0,0,0,0,0,0,0,0,0,0,0,0,1,1,0,"M","Democrat",0,0,1,0
"Gus M. Bilirakis","FL","",1,0,0,0,0,1,0,0,0,0,0,0,0,1,0,0,0,0,0,0,0,0,1,0,"M","Republican",0,1,0,0
"Guy Reschenthaler","PA","",1,0,0,0,0,0,0,0,0,0,0,1,0,1,0,0,0,0,0,0,0,1,1,1,NA,"Republican",0,1,0,0
"Gwen Moore","WI","",0,0,0,0,0,0,0,0,0,0,0,0,1,0,0,0,0,0,0,0,0,0,1,0,"F","Democrat",0,0,1,0
"Hakeem Jeffries","NY","",1,1,0,0,0,0,0,0,0,0,0,0,0,1,0,0,0,0,0,0,0,0,1,0,"M","Democrat",0,1,0,0
"Haley Stevens","MI","",0,1,0,0,1,0,0,0,0,0,0,0,0,0,0,0,0,0,0,0,1,0,0,1,NA,"Democrat",0,0,1,0
"Hank Johnson","GA","",1,0,0,0,0,0,0,0,0,0,0,0,0,1,0,0,0,0,0,1,0,1,0,1,NA,"Democrat",0,0,1,0
"Harley Rouda","CA","",1,1,0,0,1,0,0,0,0,0,0,0,0,1,1,0,0,0,0,0,1,0,0,1,NA,"Democrat",0,1,0,0
"Harold Rogers","KY","",1,0,0,0,0,0,0,0,0,0,0,1,0,1,0,0,0,0,0,0,0,1,0,0,"M","Republican",0,1,0,0
"Henry Cuellar","TX","",1,1,1,0,1,0,0,0,0,0,0,0,0,1,0,0,0,0,1,0,0,0,1,0,"M","Democrat",0,0,1,0
"Ilhan Omar","MN","",0,0,0,0,0,1,0,0,0,0,0,0,1,0,0,0,0,0,0,0,0,0,1,1,NA,"Democrat",0,1,0,0
"Jack Bergman","MI","",0,1,0,0,1,0,0,0,0,0,0,1,0,0,0,0,0,0,1,0,0,0,0,0,"M","Republican",0,0,1,0
"Jackie Speier","CA","",1,0,0,0,1,0,0,0,0,0,0,0,1,1,0,0,0,0,0,1,0,0,1,0,"F","Democrat",0,1,0,0
"Jackie Walorski","IN","",0,0,0,0,0,0,0,0,0,1,0,0,1,0,0,0,0,0,0,0,0,0,1,0,"F","Republican",0,0,1,0
"Jahana Hayes","CT","",0,1,0,0,0,1,0,0,0,0,0,0,0,0,0,0,0,0,0,0,1,0,0,1,NA,"Democrat",0,1,0,0
"Jaime Herrera Beutler","WA","",0,0,0,0,0,0,0,0,0,0,0,0,0,0,0,0,0,0,0,0,0,0,1,0,"F","Republican",0,1,0,0
"James Comer","KY","",0,0,0,0,1,0,1,0,0,0,0,0,0,0,0,0,0,0,1,0,0,0,1,0,"M","Republican",0,1,0,0
"James E. Clyburn","SC","",0,0,0,0,0,1,0,0,0,0,0,0,0,0,0,0,0,0,1,0,0,0,0,0,"M","Democrat",0,1,0,0
"Jamie Raskin","MD","",1,0,0,0,0,1,0,0,0,0,0,0,0,0,0,0,0,0,1,0,0,1,1,0,"M","Democrat",0,0,0,1
"Jan Schakowsky","IL","",0,0,0,0,0,1,0,0,1,0,0,0,0,0,0,0,0,0,0,0,0,0,1,0,"F","Democrat",0,1,0,0
"Jared Golden","ME","",0,0,0,0,1,0,0,0,0,0,0,1,0,0,0,0,0,0,0,0,0,0,1,1,NA,"Democrat",0,0,1,0
"Jared Huffman","CA","",1,0,0,0,0,0,0,0,0,0,0,0,1,1,0,0,0,0,0,1,0,0,1,0,"M","Democrat",0,1,0,0
"Jason Crow","CO","",1,0,0,0,0,0,0,0,0,0,0,1,0,1,0,0,0,0,0,0,1,0,0,1,NA,"Democrat",0,1,0,0
"Jason Smith","MO","",1,0,0,0,0,0,1,0,0,0,0,0,0,1,1,0,0,0,0,0,0,0,1,0,"M","Republican",0,1,0,0
"Jeff Duncan","SC","",0,0,0,0,0,0,0,0,0,0,0,0,0,0,1,0,0,0,0,0,0,0,1,0,"M","Republican",0,1,0,0
"Jeff Fortenberry","NE","",0,1,0,0,0,0,0,0,0,1,0,0,0,0,0,0,0,0,0,1,0,0,0,0,"M","Republican",0,1,0,0
"Jeff Van Drew","NJ","1",0,0,0,0,0,0,0,0,0,0,1,0,0,0,0,0,0,0,0,1,0,0,1,1,NA,"Democrat",0,1,0,0
"Jennifer Wexton","VA","",1,0,0,0,0,0,0,0,0,0,0,0,0,1,0,0,0,0,0,0,0,1,1,1,NA,"Democrat",0,1,0,0
"Jerrold Nadler","NY","",1,0,0,0,0,0,0,0,0,0,0,0,0,0,0,0,0,0,0,0,0,0,1,0,"M","Democrat",0,0,0,1
"Jerry McNerney","CA","",0,1,1,0,1,0,0,0,0,0,0,0,0,0,0,0,1,0,0,0,1,0,0,0,"M","Democrat",0,1,0,0
"Jésus Garcia","IL","",0,1,0,0,0,0,0,0,0,0,0,0,1,0,0,0,0,0,0,1,0,0,1,1,NA,"Democrat",0,1,0,0
"Jim Baird","IN","",0,1,1,0,1,0,1,0,0,0,0,1,0,0,0,0,0,0,0,1,0,0,1,1,NA,"Republican",0,1,0,0
"Jim Banks","IN","",0,1,0,0,0,0,0,0,0,0,0,1,0,0,1,0,0,0,0,1,0,0,1,0,"M","Republican",0,1,0,0
"Jim Cooper","TN","",1,1,0,0,0,0,0,0,0,0,0,0,0,1,0,0,0,0,0,0,1,0,0,0,"M","Democrat",0,1,0,0
"Jim Costa","CA","",0,0,0,0,0,0,1,0,1,0,0,0,0,0,0,0,0,0,0,0,0,0,1,0,"M","Democrat",0,1,0,0
"Jim Hagedorn","MN","",0,0,0,0,1,0,0,0,0,0,0,0,0,0,0,0,0,0,0,0,1,0,0,1,NA,"Republican",0,0,1,0
"Jim Himes","CT","",0,1,0,0,0,0,0,0,0,0,0,0,1,0,0,0,0,0,0,1,0,0,0,0,"M","Democrat",0,0,0,1
"Jim Jordan","OH","",1,1,0,0,0,0,0,0,0,0,0,0,0,1,0,0,0,1,0,0,0,0,1,0,"M","Republican",0,1,0,0
"Jim Langevin","RI","",0,1,0,0,0,0,0,0,0,0,0,0,0,0,0,0,0,0,1,0,0,0,1,0,"M","Democrat",0,1,0,0
"Jim McGovern","MA","",0,1,0,0,0,0,0,0,0,0,0,0,0,0,0,0,0,0,0,0,1,0,0,0,"M","Democrat",0,0,1,0
"Jim Sensenbrenner","WI","",1,0,0,0,0,0,0,0,0,0,0,0,0,1,0,0,0,0,0,0,0,0,1,0,"M","Republican",0,0,0,1
"Jimmy Gomez","CA","",0,1,0,0,0,0,0,0,0,0,0,0,1,0,0,0,0,0,0,0,0,0,1,1,NA,"Democrat",0,1,0,0
"Jimmy Panetta","CA","",1,0,0,0,0,0,0,0,0,0,0,1,0,0,0,0,0,0,0,0,0,1,0,0,"M","Democrat",0,1,0,0
"Joaquin Castro","TX","",1,0,0,0,0,0,0,0,0,0,0,0,0,1,0,0,0,0,0,0,0,0,1,0,"M","Democrat",0,0,0,1
"Jodey C. Arrington","TX","",0,1,0,0,1,0,0,0,0,0,0,0,0,0,0,0,0,0,0,0,1,0,0,0,"M","Republican",0,1,0,0
"Jody B. Hice","GA","",0,1,1,0,0,0,0,0,0,1,0,0,0,0,0,1,0,0,0,0,1,0,0,0,"M","Republican",0,0,1,0
"Joe Courtney","CT","",1,0,0,0,0,0,0,0,0,0,0,0,0,1,0,0,0,0,0,0,0,0,1,0,"M","Democrat",0,0,1,0
"Joe Cunningham","SC","",1,0,0,0,0,0,0,0,0,0,0,0,0,1,0,0,1,0,0,0,1,0,0,1,NA,"Democrat",0,1,0,0
"Joe Neguse","CO","",1,0,0,0,0,0,0,0,0,0,0,0,1,1,0,0,0,0,1,0,0,0,0,1,NA,"Democrat",0,1,0,0
"Joe Wilson","SC","",1,0,0,0,0,0,0,0,0,0,0,1,0,1,0,0,0,0,0,0,0,1,1,0,"M","Republican",0,0,1,0
"John Carter","TX","",1,0,0,0,0,0,0,0,0,0,0,0,0,1,0,0,0,0,0,0,0,1,0,0,"M","Republican",0,1,0,0
"John Garamendi","CA","",0,1,0,0,1,0,1,0,0,0,0,0,1,0,0,0,0,0,1,0,0,0,1,0,"M","Democrat",0,1,0,0
"John Joyce","PA","1",0,0,0,0,0,0,0,0,0,0,1,0,0,0,0,0,0,0,0,0,1,0,0,1,NA,"Republican",0,1,0,0
"John Katko","NY","",1,0,0,0,0,0,0,0,0,0,0,0,0,1,0,0,0,0,0,0,0,1,0,0,"M","Republican",0,0,1,0
"John Larson","CT","",0,0,0,0,0,1,0,0,0,0,0,0,0,0,0,0,0,0,0,1,0,0,1,0,"M","Democrat",0,1,0,0
"John Lewis","GA","",0,0,0,0,0,0,0,0,1,0,0,0,0,0,0,0,0,0,0,1,0,0,0,0,"M","Democrat",0,0,1,0
"John Moolenaar","MI","",0,1,0,0,1,1,0,0,0,0,0,0,0,0,0,0,1,0,0,1,0,0,1,0,"M","Republican",0,0,1,0
"John R. Curtis","UT","",0,0,0,0,1,0,0,0,0,0,0,0,0,0,0,0,0,0,0,1,0,0,0,1,NA,"Republican",0,0,1,0
"John Ratcliffe","TX","",1,0,0,0,0,0,0,0,0,0,0,0,0,1,0,0,0,0,0,1,0,1,0,0,"M","Republican",0,0,1,0
"John Rose","TN","",1,1,0,0,1,0,1,0,0,0,0,0,0,0,0,0,0,0,1,0,0,0,0,1,NA,"Republican",0,1,0,0
"John Rutherford","FL","",0,0,0,0,0,0,0,1,0,0,0,0,0,0,0,0,0,0,0,0,1,0,0,0,"M","Republican",0,1,0,0
"John Sarbanes","MD","",1,0,0,0,0,0,0,0,0,0,0,0,0,1,0,0,0,0,0,0,1,0,0,0,"M","Democrat",0,0,0,1
"John Shimkus","IL","",0,1,0,0,0,1,0,0,0,0,0,1,0,0,0,0,0,0,0,1,0,0,0,0,"M","Republican",0,1,0,0
"John Yarmuth","KY","",0,0,0,0,1,1,0,0,0,1,0,0,0,0,0,0,0,0,0,0,1,0,0,0,"M","Democrat",0,0,0,1
"José E. Serrano","NY","",0,0,0,0,0,0,0,0,0,0,0,1,0,0,0,0,0,0,0,1,0,0,1,0,"M","Democrat",1,0,0,0
"Joseph Morelle","NY","",0,0,0,0,1,0,0,0,0,0,0,0,0,0,0,0,0,0,0,1,0,0,1,1,NA,"Democrat",0,1,0,0
"Joseph P. Kennedy III","MA","",1,0,0,0,0,0,0,0,0,0,0,0,0,0,0,0,0,0,0,0,0,1,0,0,"M","Democrat",0,0,0,1
"Josh Gottheimer","NJ","",1,0,0,0,1,0,0,0,0,0,0,0,0,0,0,0,0,0,0,0,1,0,0,0,"M","Democrat",0,0,0,1
"Josh Harder","CA","",0,1,0,0,1,1,0,0,0,0,0,0,0,0,0,0,0,0,0,0,1,0,0,1,NA,"Democrat",0,0,0,1
"Joyce Beatty","OH","",0,1,0,0,1,1,0,0,0,0,0,0,0,0,0,0,0,0,0,1,0,0,1,0,"F","Democrat",0,1,0,0
"Juan Vargas","CA","",1,1,0,0,1,0,0,0,0,0,0,0,0,1,0,0,0,0,0,1,0,0,1,0,"M","Democrat",0,0,1,0
"Judy Chu","CA","",0,0,1,0,0,1,0,0,0,0,0,0,0,0,0,0,0,0,1,1,0,0,1,0,"F","Democrat",0,1,0,0
"Julia Brownley","CA","",0,1,0,0,1,0,0,0,0,0,0,0,0,0,0,0,0,0,0,1,0,0,1,0,"F","Democrat",0,0,1,0
"Justin Amash","MI","",1,0,0,0,1,0,0,0,0,0,0,0,0,1,0,0,0,0,0,0,0,0,1,0,"M","Republican",0,1,0,0
"Karen Bass","CA","",0,0,0,0,0,1,0,0,0,0,1,0,1,0,0,0,0,0,0,0,0,0,1,0,"F","Democrat",0,1,0,0
"Katherine M. Clark","MA","",1,1,0,0,0,0,0,0,0,0,0,0,0,1,0,0,0,0,1,1,0,1,1,0,"F","Democrat",0,0,1,0
"Kathleen M. Rice","NY","",1,0,0,0,0,0,0,0,0,0,0,0,0,0,0,0,0,0,0,0,0,1,0,0,"F","Democrat",0,0,1,0
"Kathy Castor","FL","",1,0,0,0,0,0,0,0,0,0,0,0,0,1,0,0,0,0,0,1,0,0,0,0,"F","Democrat",0,0,1,0
"Katie Hill","CA","",0,1,0,0,0,0,0,0,0,0,0,0,1,0,0,0,0,0,0,0,1,0,0,1,NA,"Democrat",0,1,0,0
"Katie Porter","CA","",1,0,0,0,0,1,0,0,0,0,0,0,0,0,0,0,0,0,1,0,0,0,0,1,NA,"Democrat",0,0,0,1
"Kay Granger","TX","",0,0,0,0,1,1,0,0,0,0,0,0,0,0,0,0,0,0,0,1,0,0,0,0,"F","Republican",0,0,1,0
"Kelly Armstrong","ND","",1,0,0,0,1,0,0,0,0,0,0,0,0,1,0,0,0,0,0,0,0,0,1,1,NA,"Republican",0,1,0,0
"Ken Buck","CO","",1,0,0,0,1,0,0,0,0,0,0,0,0,0,0,0,0,0,0,0,0,1,0,0,"M","Republican",0,0,0,1
"Ken Calvert","CA","",0,0,0,0,1,0,0,0,0,0,0,0,0,0,1,0,0,0,0,0,1,0,0,0,"M","Republican",0,1,0,0
"Kendra Horn","OK","",1,0,0,0,0,0,0,0,0,0,0,0,1,1,0,0,0,0,0,0,1,0,0,1,NA,"Democrat",0,0,1,0
"Kenny Marchant","TX","",0,0,0,0,0,0,0,0,0,0,0,0,0,0,1,0,0,0,0,1,0,0,1,0,"M","Republican",0,0,1,0
"Kevin Brady","TX","",0,0,0,0,0,0,0,0,1,0,0,0,0,0,0,0,0,0,0,1,0,0,1,0,"M","Republican",0,1,0,0
"Kevin Hern","OK","",0,1,0,0,1,0,0,0,0,0,0,0,0,0,1,0,1,0,1,0,0,0,0,1,NA,"Republican",0,1,0,0
"Kevin McCarthy","CA","",0,1,0,0,1,0,0,0,0,0,0,0,0,0,0,0,0,0,0,1,0,0,1,0,"M","Republican",0,1,0,0
"Kim Schrier","WA","1",0,0,0,0,0,0,0,0,0,0,1,0,0,0,0,0,0,0,0,0,1,0,0,1,NA,"Democrat",0,1,0,0
"Kurt Schrader","OR","1",0,0,0,0,0,0,1,0,0,0,1,0,0,0,0,0,0,0,0,0,0,0,1,0,"M","Democrat",0,0,0,1
"Lance Gooden","TX","",0,0,0,0,0,0,0,0,0,0,0,0,0,0,0,0,0,0,0,0,0,0,1,1,NA,"Republican",0,1,0,0
"Larry Bucshon","IN","1",0,0,0,0,0,0,0,0,0,0,1,1,0,0,0,0,0,0,0,0,1,0,0,0,"M","Republican",0,1,0,0
"Lauren Underwood","IL","",0,1,0,0,0,1,0,0,0,0,1,0,0,0,0,0,0,0,0,0,1,0,0,1,NA,"Democrat",0,1,0,0
"Lee M. Zeldin","NY","",1,0,0,0,0,0,0,0,0,0,0,1,0,1,0,0,0,0,0,0,0,0,1,0,"M","Republican",0,1,0,0
"Linda T. Sánchez","CA","",1,0,0,0,0,0,0,0,0,0,0,0,1,1,0,0,0,0,0,0,1,0,0,0,"F","Democrat",0,1,0,0
"Lisa Blunt Rochester","DE","",0,1,0,0,0,0,0,0,0,0,0,0,1,0,0,0,0,0,1,0,0,0,0,0,"F","Democrat",0,0,1,0
"Liz Cheney","WY","",1,0,0,0,1,0,0,0,0,0,0,0,0,1,0,0,0,0,1,0,0,0,0,0,"F","Republican",0,0,1,0
"Lizzie Pannill Fletcher","TX","",1,0,0,0,0,0,0,0,0,0,0,0,0,1,0,0,0,0,0,0,1,0,0,1,NA,"Democrat",0,0,1,0
"Lloyd Doggett","TX","",1,0,0,0,0,0,0,0,0,0,0,0,0,0,0,0,0,0,0,0,0,1,1,0,"M","Democrat",0,1,0,0
"Lloyd Smucker","PA","",0,0,0,0,1,0,0,0,0,0,0,0,0,0,0,0,0,0,0,1,0,0,1,0,"M","Republican",1,0,0,0
"Lois Frankel","FL","",1,0,0,0,0,0,0,0,0,0,0,0,0,1,0,0,0,0,0,1,0,1,1,0,"F","Democrat",0,0,1,0
"Lori Trahan","MA","",0,0,0,0,1,0,0,0,0,0,0,0,0,0,0,0,0,0,1,0,0,0,0,1,NA,"Democrat",0,0,1,0
"Lou Correa","CA","",1,1,0,0,0,0,0,0,0,0,0,0,0,0,1,0,0,0,1,1,0,0,1,0,"M","Democrat",0,1,0,0
"Louie Gohmert","TX","",1,0,0,0,0,0,0,0,0,0,0,1,0,1,0,0,0,0,0,0,0,1,0,0,"M","Republican",0,1,0,0
"Lucille Roybal-Allard","CA","",0,0,0,0,0,0,0,0,0,0,0,0,1,0,0,0,0,0,0,0,0,0,1,0,"F","Democrat",0,1,0,0
"Lucy McBath","GA","",0,0,0,1,0,0,0,0,1,0,0,0,0,0,0,0,0,0,0,0,1,0,0,1,NA,"Democrat",0,1,0,0
"Mac Thornberry","TX","",1,0,0,0,0,0,1,0,0,0,0,0,0,1,0,0,0,0,1,0,0,0,0,0,"M","Republican",0,1,0,0
"Madeleine Dean","PA","",1,0,0,0,0,1,0,0,0,1,0,0,0,1,0,0,0,0,0,1,0,0,1,1,NA,"Democrat",0,0,1,0
"Marc Veasey","TX","",0,0,0,0,0,0,0,0,0,1,0,0,0,0,1,0,0,0,0,0,0,0,1,0,"M","Democrat",0,0,1,0
"Marcia L. Fudge","OH","",1,0,0,0,0,0,0,0,0,0,0,0,0,1,0,0,0,0,0,1,0,0,0,0,"F","Democrat",0,1,0,0
"Marcy Kaptur","OH","",0,1,0,0,0,0,0,0,0,0,0,0,1,0,0,0,0,0,0,1,0,0,0,0,"F","Democrat",0,1,0,0
"Mario Diaz-Balart","FL","",0,0,0,0,1,0,0,0,0,0,0,0,0,0,0,0,0,0,0,0,0,0,1,0,"M","Republican",1,0,0,0
"Mark Amodei","NV","",1,0,0,0,0,0,0,0,0,0,0,1,0,1,0,0,0,0,0,0,0,0,1,0,"M","Republican",0,1,0,0
"Mark DeSaulnier","CA","",0,0,0,1,1,0,0,0,0,0,0,0,0,0,0,0,0,0,0,1,0,0,1,0,"M","Democrat",0,0,1,0
"Mark Green","TN","1",0,1,0,0,1,0,0,0,0,0,1,1,0,0,0,0,0,0,0,0,0,0,1,1,NA,"Republican",0,1,0,0
"Mark Meadows","NC","",0,0,0,0,1,0,0,0,0,0,0,0,0,0,0,0,0,0,0,0,1,0,0,0,"M","Republican",1,0,0,0
"Mark Pocan","WI","",0,0,0,0,1,0,0,0,0,0,0,0,0,0,0,0,0,0,0,1,0,0,1,0,"M","Democrat",0,1,0,0
"Mark Takano","CA","",0,1,0,0,0,1,0,0,0,0,0,0,0,0,0,0,0,0,0,1,0,0,0,0,"M","Democrat",0,0,0,1
"Mark Walker","NC","",0,0,0,0,1,0,0,0,0,0,0,0,0,0,0,1,0,0,0,0,1,0,0,0,"M","Republican",0,0,1,0
"Markwayne Mullin","OK","",0,0,0,0,1,0,1,0,0,0,0,0,0,0,0,0,0,0,0,0,1,0,0,0,"M","Republican",1,0,0,0
"Martha Roby","AL","",1,0,0,0,0,0,0,0,0,0,0,0,0,1,0,0,0,0,0,1,0,0,0,0,"F","Republican",0,0,1,0
"Mary Gay Scanlon","PA","",1,0,0,0,0,0,0,0,0,0,0,0,0,1,0,0,0,0,0,1,0,0,0,1,NA,"Democrat",0,0,1,0
"Matt Cartwright","PA","",1,0,0,0,0,0,0,0,0,0,0,0,0,1,0,0,0,0,0,0,1,0,0,0,"M","Democrat",0,0,1,0
"Matt Gaetz","FL","",1,0,0,0,0,0,0,0,0,0,0,0,0,1,0,0,0,0,0,0,0,0,1,0,"M","Republican",0,1,0,0
"Max Rose","NY","",0,1,0,0,0,0,0,0,0,0,0,1,1,0,0,0,0,0,0,0,1,0,0,1,NA,"Democrat",0,0,1,0
"Maxine Waters","CA","",0,0,0,1,0,1,0,0,0,0,0,0,0,0,0,0,0,0,0,0,0,0,1,0,"F","Democrat",0,1,0,0
"Michael C. Burgess","TX","1",0,1,0,0,0,0,0,0,0,0,1,0,0,0,0,0,0,0,0,0,1,0,0,0,"M","Republican",0,1,0,0
"Michael Cloud","TX","",0,0,0,0,1,0,0,0,0,0,0,0,0,0,0,0,0,0,0,0,1,0,0,1,NA,"Republican",0,0,1,0
"Michael Guest","MS","",1,0,0,0,0,0,0,0,0,0,0,0,0,0,0,0,0,0,0,0,0,1,0,1,NA,"Republican",0,1,0,0
"Michael McCaul","TX","",1,0,0,0,0,0,0,0,0,0,0,0,0,1,0,0,0,0,0,0,0,1,0,0,"M","Republican",0,0,1,0
"Michael R. Turner","OH","",1,1,0,0,0,0,0,0,0,0,0,0,0,1,0,0,0,0,0,1,0,0,0,0,"M","Republican",0,0,1,0
"Michael Waltz","FL","",0,0,0,0,0,0,0,1,0,1,0,1,0,0,0,0,0,0,0,0,1,0,0,1,NA,"Republican",0,1,0,0
"Mike Bost","IL","",0,0,0,1,1,0,0,0,0,0,0,1,0,0,0,0,0,0,0,1,0,0,1,0,"M","Republican",1,0,0,0
"Mike Conaway","TX","",0,0,0,0,0,0,0,0,0,0,0,1,0,0,0,0,0,0,1,1,0,0,0,1,NA,"Republican",0,1,0,0
"Mike Doyle","PA","",0,0,0,0,0,0,0,0,0,0,0,0,0,0,0,0,0,0,0,1,0,0,0,0,"M","Democrat",0,1,0,0
"Mike Gallagher","WI","",0,1,1,0,1,0,0,0,0,0,0,1,0,0,0,0,0,0,0,0,1,0,0,0,"M","Republican",0,0,0,1
"Mike Johnson","LA","",1,0,0,0,0,0,0,0,0,0,0,0,0,1,0,0,0,0,0,0,0,0,1,0,"M","Republican",0,1,0,0
"Mike Kelly","PA","",0,0,0,0,1,0,0,0,0,0,0,0,0,0,0,0,0,0,0,1,0,0,0,0,"M","Republican",0,0,1,0
"Mike Levin","CA","",1,0,0,0,1,0,0,0,0,0,0,0,0,1,0,0,0,0,0,0,1,0,0,1,NA,"Democrat",0,0,0,1
"Mike Quigley","IL","",1,1,0,0,0,1,0,0,0,0,0,0,0,1,0,0,0,0,0,1,0,0,0,0,"M","Democrat",0,0,1,0
"Mike Rogers","AL","",1,1,0,0,0,0,0,0,0,0,0,0,1,0,1,0,0,0,0,1,0,1,1,0,"M","Republican",0,1,0,0
"Mike Simpson","ID","1",0,0,0,0,0,0,0,0,0,0,1,0,0,0,0,0,0,0,0,1,0,0,1,0,"M","Republican",0,1,0,0
"Mike Thompson","CA","",0,1,0,0,1,1,0,0,0,0,0,1,0,0,0,0,0,0,0,0,0,0,1,0,"M","Democrat",0,1,0,0
"Mikie Sherrill","NJ","",1,1,0,0,0,0,0,0,0,0,0,1,0,1,0,0,0,0,0,0,0,1,0,1,NA,"Democrat",0,1,0,0
"Mo Brooks","AL","",1,0,0,0,0,0,0,0,0,0,0,0,0,1,0,0,0,0,0,1,0,1,1,0,"M","Republican",0,0,0,1
"Morgan Griffith","VA","",1,0,0,0,0,0,0,0,0,0,0,0,0,1,0,0,0,0,0,0,0,0,1,0,"M","Republican",0,0,1,0
"Nancy Pelosi","CA","",0,0,0,0,1,0,0,0,0,0,0,0,0,0,0,0,0,0,0,0,1,0,0,0,"F","Democrat",0,0,1,0
"Nanette Diaz Barragán","CA","",1,0,0,0,0,0,0,0,0,0,0,0,1,1,0,0,0,0,0,1,0,0,0,0,"F","Democrat",0,1,0,0
"Neal Dunn","FL","1",0,0,0,0,0,0,0,0,0,0,1,1,0,0,0,0,0,0,0,0,1,0,0,0,"M","Republican",0,0,1,0
"Nita Lowey","NY","",0,0,0,0,0,0,0,0,0,0,0,0,0,0,0,0,0,0,1,0,0,0,0,0,"F","Democrat",0,0,1,0
"Norma J. Torres","CA","",0,0,0,1,0,0,0,0,0,0,0,0,0,0,0,0,0,0,0,1,0,0,1,0,"F","Democrat",0,0,1,0
"Nydia M. Velázquez","NY","",0,1,0,0,0,1,0,0,0,0,0,0,0,0,0,0,0,0,1,1,0,0,0,0,"F","Democrat",0,1,0,0
"Patrick T. McHenry","NC","",0,0,0,0,0,0,0,0,1,0,0,0,0,0,1,0,0,0,1,0,0,0,1,0,"M","Republican",0,0,1,0
"Paul Cook","CA","",0,1,0,0,0,1,0,0,0,0,0,1,0,0,0,0,0,0,0,1,0,0,1,0,"M","Republican",0,1,0,0
"Paul Gosar","AZ","1",0,0,0,0,0,0,0,0,0,0,1,0,0,0,0,0,0,0,0,0,1,0,0,0,"M","Republican",0,0,1,0
"Paul Mitchell","MI","",0,0,0,0,1,0,0,0,0,0,0,0,0,0,0,0,0,0,0,1,0,0,0,0,"M","Republican",0,1,0,0
"Paul Tonko","NY","",0,0,0,0,0,0,0,0,0,0,0,0,0,0,0,0,1,0,1,1,0,0,1,0,"M","Democrat",0,0,1,0
"Pete Aguilar","CA","",0,0,0,0,1,0,0,0,0,0,0,0,0,0,0,0,0,0,1,1,0,0,0,0,"M","Democrat",0,0,1,0
"Pete Olson","TX","",1,0,0,0,0,0,0,0,0,0,0,1,0,0,0,0,0,0,0,0,1,0,0,0,"M","Republican",0,0,1,0
"Pete Stauber","MN","",0,0,0,0,0,0,0,1,0,0,0,0,0,0,0,0,0,1,0,1,0,0,0,1,NA,"Republican",0,1,0,0
"Peter DeFazio","OR","",0,1,0,0,0,0,0,0,0,0,0,1,0,0,0,0,0,0,0,1,0,0,0,0,"M","Democrat",0,0,1,0
"Peter J. Visclosky","IN","",1,0,0,0,0,0,0,0,0,0,0,0,0,1,0,0,0,0,0,0,1,0,0,0,"M","Democrat",0,1,0,0
"Peter T. King","NY","",1,0,0,0,0,0,0,0,0,0,0,1,0,1,0,0,0,0,0,1,0,1,0,0,"M","Republican",0,0,1,0
"Peter Welch","VT","",1,0,0,0,0,0,0,0,0,0,0,0,0,1,0,0,0,0,0,0,0,1,1,0,"M","Democrat",0,0,1,0
"Phil Roe","TN","1",0,0,0,0,0,0,0,0,0,0,1,1,0,0,0,0,0,0,0,1,0,0,0,1,NA,"Republican",0,1,0,0
"Pramila Jayapal","WA","",0,1,0,0,1,0,0,0,0,0,0,0,1,0,0,0,0,0,0,0,0,0,1,0,"F","Democrat",0,0,1,0
"Raja Krishnamoorthi","IL","",1,0,0,0,1,0,0,0,0,0,0,0,0,1,0,0,0,0,1,0,0,1,0,0,"M","Democrat",0,0,0,1
"Ralph Abraham","LA","1",0,0,0,0,0,0,0,0,0,0,1,1,0,0,0,0,0,0,0,0,1,0,0,0,"M","Republican",0,1,0,0
"Ralph Norman","SC","",0,0,0,0,0,0,0,0,0,0,0,0,0,0,1,0,0,0,0,0,0,0,1,0,"M","Republican",0,0,1,0
"Randy Weber","TX","",0,0,0,0,1,0,0,0,0,0,0,0,0,0,0,0,0,0,0,1,0,0,1,0,"M","Republican",0,1,0,0
"Rashida Tlaib","MI","",1,0,0,0,0,0,0,0,0,0,0,0,1,0,0,0,0,0,0,0,0,0,1,1,NA,"Democrat",0,1,0,0
"Raúl M. Grijalva","AZ","",0,0,0,0,0,1,0,0,0,0,0,0,1,0,0,0,0,0,0,1,0,0,0,0,"M","Democrat",0,1,0,0
"Raul Ruiz","CA","1",0,1,0,0,0,1,0,0,0,0,1,0,0,0,0,0,0,0,0,0,1,0,0,0,"M","Democrat",0,1,0,0
"Richard E. Neal","MA","",0,1,0,0,0,1,0,0,0,0,0,0,0,0,0,0,0,0,0,1,0,0,0,0,"M","Democrat",0,0,1,0
"Richard Hudson","NC","",0,0,0,0,1,0,0,0,0,0,0,0,0,0,0,0,0,0,0,0,1,0,0,0,"M","Republican",0,1,0,0
"Rick Crawford","AR","",0,0,0,0,1,0,0,0,0,1,0,1,0,0,0,0,0,0,0,0,1,0,0,0,"M","Republican",0,1,0,0
"Rick Larsen","WA","",0,1,0,0,0,0,0,0,1,0,0,0,0,0,0,0,0,0,0,1,0,0,0,0,"M","Democrat",0,0,1,0
"Rick W. Allen","GA","",0,0,0,0,1,0,0,0,0,0,0,0,0,0,0,0,0,0,0,0,1,0,0,0,"M","Republican",0,1,0,0
"Ro Khanna","CA","",1,0,0,0,0,1,0,0,0,0,0,0,0,1,0,0,0,0,1,0,0,0,0,0,"M","Democrat",0,0,0,1
"Rob Bishop","UT","",0,0,0,0,0,1,0,0,1,0,0,0,0,0,0,0,0,0,0,0,0,0,1,0,"M","Republican",0,1,0,0
"Rob Wittman","VA","",0,1,1,0,0,0,0,0,0,0,0,0,0,0,0,0,0,0,0,1,0,0,1,0,"M","Republican",0,1,0,0
"Rob Woodall","GA","",1,0,0,0,0,0,0,0,0,0,0,0,0,0,0,0,0,0,0,0,1,0,0,0,"M","Republican",0,0,1,0
"Robert B. Aderholt","AL","",1,0,0,0,0,0,0,0,0,0,0,0,0,1,0,0,0,0,0,0,0,1,0,0,"M","Republican",0,0,1,0
"Robert E. Latta","OH","",1,0,0,0,0,0,0,0,0,0,0,0,0,1,0,0,0,0,0,1,0,0,1,0,"M","Republican",0,1,0,0
"Robin L. Kelly","IL","",0,1,1,0,0,0,0,0,0,0,0,0,0,0,0,0,0,0,0,1,0,0,1,0,"F","Democrat",0,0,1,0
"Rodney Davis","IL","",0,0,0,0,0,0,0,0,0,0,0,0,0,0,0,0,0,0,0,0,1,0,0,0,"M","Republican",0,0,1,0
"Roger W. Marshall","KS","1",0,0,0,0,0,0,0,0,0,0,1,1,0,0,0,0,0,0,1,0,0,0,0,0,"M","Republican",0,1,0,0
"Roger Williams","TX","",0,0,0,0,1,0,0,0,0,0,0,0,0,0,0,0,0,1,1,0,0,0,0,0,"M","Republican",0,0,1,0
"Ron Estes","KS","",0,1,0,0,1,0,1,0,0,0,0,0,0,0,0,0,0,0,1,1,0,0,0,0,"M","Republican",0,1,0,0
"Ron Kind","WI","",1,1,0,0,0,0,0,0,0,0,0,0,0,1,0,0,0,0,0,0,0,1,0,0,"M","Democrat",0,0,0,1
"Ron Wright","TX","",0,0,0,0,1,0,0,0,0,1,0,0,0,0,0,0,0,0,0,1,0,0,0,1,NA,"Republican",1,0,0,0
"Rosa L. DeLauro","CT","",0,1,0,0,0,0,0,0,1,0,0,0,0,0,0,0,0,0,0,0,1,0,0,0,"F","Democrat",0,0,1,0
"Ross Spano","FL","",1,0,0,0,0,0,0,0,0,0,0,0,0,1,0,0,0,0,0,0,0,0,1,1,NA,"Republican",0,1,0,0
"Ruben Gallego","AZ","",0,0,0,0,1,0,0,0,0,0,0,1,0,0,0,0,0,0,0,0,0,0,1,0,"M","Democrat",0,0,0,1
"Russ Fulcher","ID","",0,1,0,0,1,0,0,0,0,0,0,0,0,0,1,0,0,0,0,0,0,0,1,1,NA,"Republican",0,1,0,0
"Salud Carbajal","CA","",0,1,0,0,0,0,0,0,0,0,0,1,0,0,0,0,0,0,0,1,0,0,0,0,"M","Democrat",0,1,0,0
"Sam Graves","MO","",0,0,0,0,0,0,1,0,0,0,0,0,0,0,0,0,0,0,0,0,0,0,1,0,"M","Republican",0,1,0,0
"Sanford D. Bishop Jr.","GA","",1,0,0,0,0,0,0,0,0,0,0,1,0,1,0,0,0,0,0,0,0,0,1,0,"M","Democrat",0,0,1,0
"Scott DesJarlais","TN","1",0,0,0,0,0,0,0,0,0,0,1,0,0,0,0,0,0,0,0,0,1,0,0,0,"M","Republican",0,1,0,0
"Scott Perry","PA","",0,0,0,1,1,0,0,0,0,0,0,1,0,0,0,0,0,0,0,0,0,0,1,0,"M","Republican",0,1,0,0
"Scott Peters","CA","",1,0,0,0,0,0,0,0,0,0,0,0,0,1,0,0,0,0,1,1,0,1,0,0,"M","Democrat",0,0,0,1
"Scott R. Tipton","CO","",0,0,0,0,1,0,0,0,0,0,0,0,0,0,0,0,0,0,0,0,0,0,1,0,"M","Republican",0,1,0,0
"Sean Casten","IL","",0,1,0,0,1,0,0,0,0,0,0,0,0,0,0,0,1,0,0,0,1,0,0,1,NA,"Democrat",0,0,1,0
"Sean P. Duffy","WI","",1,0,0,0,0,0,0,0,0,0,0,0,0,1,0,0,0,1,0,0,0,1,0,0,"M","Republican",0,0,1,0
"Sean Patrick Maloney","NY","",1,0,0,0,1,0,0,0,0,0,0,0,0,1,0,0,0,0,0,0,1,0,0,0,"M","Democrat",0,1,0,0
"Seth Moulton","MA","",0,1,0,0,1,0,0,0,0,0,0,1,0,0,0,0,0,0,0,0,1,0,0,0,"M","Democrat",0,0,0,1
"Sharice Davids","KS","",1,0,0,0,1,0,0,0,0,0,0,0,1,1,0,0,0,1,0,0,1,0,0,1,NA,"Democrat",0,1,0,0
"Sheila Jackson Lee","TX","",1,0,0,0,0,0,0,0,0,0,0,0,0,1,0,0,0,0,0,1,0,1,0,0,"F","Democrat",0,0,0,1
"Steny H. Hoyer","MD","",1,0,0,0,0,0,0,0,0,0,0,0,0,1,0,0,0,0,1,0,0,0,1,0,"M","Democrat",0,1,0,0
"Stephanie Murphy","FL","",0,1,0,0,1,1,0,0,0,0,0,0,0,0,0,0,0,0,0,0,1,0,0,0,"F","Democrat",0,1,0,0
"Stephen F. Lynch","MA","",1,1,0,1,0,0,0,0,0,0,0,0,1,1,0,0,0,0,0,0,0,0,1,0,"M","Democrat",0,0,1,0
"Steve Chabot","OH","",1,0,0,0,0,1,0,0,0,0,0,0,0,1,0,0,0,0,0,1,0,0,0,0,"M","Republican",0,1,0,0
"Steve Cohen","TN","",1,0,0,0,0,0,0,0,0,0,0,0,0,1,0,0,0,0,0,1,0,1,1,0,"M","Democrat",0,0,1,0
"Steve King","IA","",0,0,0,0,1,0,0,0,0,0,0,0,0,0,0,0,0,0,0,0,0,0,1,0,"M","Republican",1,0,0,0
"Steve Scalise","LA","",0,0,0,0,1,0,0,0,0,0,0,0,0,0,0,0,1,0,0,0,0,0,1,0,"M","Republican",0,1,0,0
"Steve Stivers","OH","",0,1,0,0,1,0,0,0,1,0,0,1,0,0,0,0,0,0,0,0,0,0,1,0,"M","Republican",0,1,0,0
"Steve Watkins","KS","",0,1,0,0,1,0,0,0,0,0,0,1,0,0,0,0,0,0,0,0,1,0,0,1,NA,"Republican",0,1,0,0
"Steve Womack","AR","",0,0,0,0,0,0,0,0,0,1,0,1,0,0,0,0,0,0,0,1,0,0,0,0,"M","Republican",0,1,0,0
"Steven Horsford","NV","",0,0,0,0,1,0,0,0,0,0,0,0,1,0,0,0,0,0,0,0,0,0,1,1,NA,"Democrat",0,1,0,0
"Steven M. Palazzo","MS","",0,1,0,0,1,0,0,0,0,0,0,1,0,0,0,0,0,0,0,0,0,0,1,0,"M","Republican",0,1,0,0
"Susan A. Davis","CA","",0,1,0,0,0,0,0,0,0,1,0,0,1,0,0,0,0,0,0,1,0,0,1,0,"F","Democrat",0,1,0,0
"Susan W. Brooks","IN","",1,0,0,0,0,0,0,0,0,0,0,0,0,1,0,0,0,0,0,1,0,1,0,0,"F","Republican",0,1,0,0
"Susan Wild","PA","",1,0,0,0,0,0,0,0,0,0,0,0,0,1,0,0,0,0,0,0,0,1,0,1,NA,"Democrat",0,0,1,0
"Susie Lee","NV","",0,1,0,0,0,0,0,0,0,0,0,0,1,0,0,0,0,0,0,0,1,0,0,1,NA,"Democrat",0,0,1,0
"Suzan DelBene","WA","",0,1,0,0,1,0,0,0,0,0,0,0,0,0,0,0,0,0,1,0,0,0,0,0,"F","Democrat",0,0,1,0
"Suzanne Bonamici","OR","",1,0,0,0,0,0,0,0,0,0,0,0,0,1,0,0,0,0,0,0,0,1,1,0,"F","Democrat",0,1,0,0
"Sylvia Garcia","TX","",1,0,0,0,0,0,0,0,0,0,0,0,1,0,0,0,0,0,0,1,0,1,1,1,NA,"Democrat",0,1,0,0
"T.J. Cox","CA","",0,1,0,0,1,0,0,0,0,0,0,0,0,0,0,0,1,0,0,0,1,0,0,1,NA,"Democrat",0,1,0,0
"Ted Budd","NC","",0,1,0,0,1,0,0,0,0,0,0,0,0,0,0,0,0,0,0,0,1,0,0,0,"M","Republican",0,1,0,0
"Ted Deutch","FL","",1,0,0,0,0,0,0,0,0,0,0,0,0,1,0,0,0,0,0,0,0,0,1,0,"M","Democrat",0,1,0,0
"Ted Lieu","CA","",1,0,0,0,0,0,0,0,0,0,0,1,0,1,0,0,0,0,0,1,0,0,1,0,"M","Democrat",0,0,0,1
"Ted Yoho","FL","1",0,0,0,0,0,0,0,0,0,0,1,0,0,0,0,0,0,0,0,0,1,0,0,0,"M","Republican",0,1,0,0
"Terri Sewell","AL","",1,1,0,0,0,0,0,0,0,0,0,0,0,1,0,0,0,0,0,0,1,0,0,0,"F","Democrat",0,0,0,1
"Thomas Massie","KY","",0,1,0,0,1,0,1,0,0,0,0,0,0,0,0,0,0,0,0,1,0,0,0,0,"M","Republican",0,0,0,1
"Thomas R. Suozzi","NY","",1,0,0,0,0,0,0,0,0,0,0,0,0,1,0,0,0,0,0,1,0,0,0,0,"M","Democrat",0,0,1,0
"Tim Burchett","TN","",0,0,0,0,1,0,0,0,0,0,0,0,0,0,0,0,0,0,0,1,0,0,1,1,NA,"Republican",0,1,0,0
"Tim Ryan","OH","",1,0,0,0,0,0,0,0,0,0,0,0,0,0,0,0,0,0,0,0,0,0,1,0,"M","Democrat",0,1,0,0
"Tim Walberg","MI","",0,1,0,0,0,0,0,0,0,0,0,0,1,0,0,1,0,0,0,0,0,0,1,0,"M","Republican",0,0,1,0
"Tom Cole","OK","",0,1,1,0,1,1,0,0,0,0,0,0,0,0,0,0,0,0,1,0,0,0,1,0,"M","Republican",0,0,1,0
"Tom Emmer","MN","",1,0,0,0,0,0,0,0,1,1,0,0,0,1,0,0,0,0,0,1,0,0,1,0,"M","Republican",0,1,0,0
"Tom Graves","GA","",0,0,0,0,1,0,0,0,0,0,0,0,0,0,1,0,0,0,0,1,0,0,1,0,"M","Republican",0,1,0,0
"Tom Malinowski","NJ","",0,1,0,0,0,0,0,0,0,0,0,0,1,0,0,0,0,0,1,0,0,0,0,1,NA,"Democrat",0,1,0,0
"Tom Marino","PA","",1,0,0,1,1,0,0,0,0,0,0,0,0,1,0,0,0,0,0,0,0,1,0,0,"M","Republican",0,0,1,0
"Tom McClintock","CA","",0,0,0,0,0,0,0,0,0,1,0,0,0,0,0,0,0,0,0,0,0,0,1,0,"M","Republican",0,1,0,0
"Tom O'Halleran","AZ","",0,0,0,0,1,0,0,1,0,0,0,0,0,0,0,0,0,0,0,0,0,0,1,0,"M","Democrat",1,0,0,0
"Tom Reed","NY","",1,0,0,0,1,0,0,0,0,0,0,0,0,1,1,0,0,0,0,1,0,0,0,0,"M","Republican",0,0,1,0
"Tom Rice","SC","",1,1,0,0,0,0,0,0,0,0,0,0,0,1,0,0,0,0,0,1,0,0,0,0,"M","Republican",0,1,0,0
"Tony Cárdenas","CA","",0,0,0,0,0,0,0,0,0,0,0,0,0,0,1,0,1,0,0,1,0,0,1,0,"M","Democrat",0,1,0,0
"Trent Kelly","MS","",1,1,0,0,1,0,0,0,0,0,0,1,0,1,0,0,0,0,0,0,0,1,0,0,"M","Republican",0,1,0,0
"Trey Hollingsworth","IN","",0,1,0,0,1,0,0,0,0,0,0,0,0,0,0,0,0,0,0,0,1,0,0,0,"M","Republican",0,0,0,1
"Troy Balderson","OH","",0,0,0,0,1,0,1,0,0,0,0,0,0,0,0,0,0,0,0,0,0,0,1,1,NA,"Republican",1,0,0,0
"Tulsi Gabbard","HI","",0,0,0,0,1,0,0,0,0,0,0,1,0,0,0,0,0,0,0,1,0,0,1,0,"F","Democrat",0,0,1,0
"Val Demings","FL","",0,1,0,0,0,0,0,1,0,0,0,0,0,0,0,0,0,0,0,0,1,0,0,0,"F","Democrat",0,1,0,0
"Van Taylor","TX","",0,1,0,0,0,0,0,0,0,0,0,1,0,0,1,0,0,0,0,0,0,0,1,1,NA,"Republican",0,0,0,1
"Vern Buchanan","FL","",0,1,0,0,1,0,0,0,0,0,0,1,0,0,0,0,0,0,0,0,1,0,0,0,"M","Republican",0,0,1,0
"Veronica Escobar","TX","",0,1,0,0,0,1,0,0,0,0,0,0,1,0,0,0,0,0,0,1,0,1,0,1,NA,"Democrat",0,1,0,0
"Vicente Gonzalez","TX","",1,0,0,0,0,0,0,0,0,0,0,0,0,1,0,0,0,0,0,0,1,0,0,0,"M","Democrat",0,0,1,0
"Vicky Hartzler","MO","",0,1,0,0,1,1,1,0,0,0,0,0,0,0,0,0,0,0,0,0,0,0,1,0,"F","Republican",0,1,0,0
"Virginia Foxx","NC","",0,1,1,0,1,1,0,0,0,0,0,0,0,0,0,0,0,0,0,1,0,0,1,0,"F","Republican",0,1,0,0
"Walter B. Jones","NC","",0,0,0,0,1,0,0,0,0,0,0,1,0,0,0,0,0,0,0,0,0,0,1,0,"M","Republican",0,0,1,0
"Warren Davidson","OH","",0,1,0,0,1,0,0,0,0,0,0,1,0,0,0,0,0,0,0,1,0,0,0,0,"M","Republican",0,1,0,0
"Will Hurd","TX","",0,0,0,0,1,0,0,1,0,0,0,0,0,0,0,0,0,0,0,0,1,0,0,0,"M","Republican",0,1,0,0
"William Lacy Clay","MO","",0,0,0,0,0,0,0,0,0,0,0,0,0,0,1,0,0,0,0,0,0,0,1,0,"M","Democrat",0,1,0,0
"William Timmons","SC","",1,1,0,0,1,0,0,0,0,0,0,1,0,0,0,0,0,0,0,0,0,1,1,1,NA,"Republican",0,0,1,0
"Xochitl Torres Small","NM","",1,0,0,0,0,0,0,0,0,0,0,0,0,1,0,0,0,0,0,0,1,0,0,1,NA,"Democrat",0,0,1,0
"Yvette D. Clarke","NY","",0,0,0,0,0,0,0,0,0,0,0,0,1,0,0,0,0,0,0,1,0,0,0,0,"F","Democrat",1,0,0,0
"Zoe Lofgren","CA","",1,0,0,0,0,1,0,0,0,0,0,0,1,1,0,0,0,0,0,1,0,0,0,0,"F","Democrat",0,0,0,1
